{
  "threshold_name": "attention",
  "thresholds": [
    0.3499999940395355,
    1.149999976158142,
    2.950000047683716,
    3.6500000953674316
  ],
  "qwk": 0.9524235239242819,
  "macro_f1": 0.8778550719494016
}
