{
  "threshold_name": "lesion",
  "thresholds": [
    0.3499999940395355,
    1.25,
    2.6500000953674316,
    3.6500000953674316
  ],
  "qwk": 0.9547630576198396,
  "macro_f1": 0.8286582072348889
}
