{
  "threshold_name": "multiscale",
  "thresholds": [
    0.3499999940395355,
    1.350000023841858,
    2.1500000953674316,
    3.049999952316284
  ],
  "qwk": 0.9304921276069574,
  "macro_f1": 0.7650177374101593
}
