{
  "threshold_name": "patch_mil",
  "thresholds": [
    0.3499999940395355,
    1.0499999523162842,
    2.049999952316284,
    3.3499999046325684
  ],
  "qwk": 0.9479831710259201,
  "macro_f1": 0.844586900297036
}
